plate,column,row,experiment,cpd1,dose1,cpd2,dose2
1,1,B,Cpd_1,Cpd_1,1.157,NA,NA
1,1,C,Cpd_2,Cpd_2,0.51,NA,NA
1,1,D,Cpd_3,Cpd_3,0.496,NA,NA
1,1,E,Cpd_4,Cpd_4,51.288,NA,NA
1,1,F,Cpd_5,Cpd_5,9.907,NA,NA
1,1,G,Cpd_6,Cpd_6,0.1,NA,NA
1,1,H,untreated,NA,NA,NA,NA
1,1,A,untreated,NA,NA,NA,NA
1,2,B,Cpd_1,Cpd_1,1.272,NA,NA
1,2,C,Cpd_2,Cpd_2,0.693,NA,NA
1,2,D,Cpd_3,Cpd_3,0.635,NA,NA
1,2,E,Cpd_4,Cpd_4,67.187,NA,NA
1,2,F,Cpd_5,Cpd_5,11.194,NA,NA
1,2,G,Cpd_6,Cpd_6,0.152,NA,NA
1,2,H,untreated,NA,NA,NA,NA
1,2,A,untreated,NA,NA,NA,NA
1,3,B,Cpd_1,Cpd_1,1.4,NA,NA
1,3,C,Cpd_2,Cpd_2,0.942,NA,NA
1,3,D,Cpd_3,Cpd_3,0.813,NA,NA
1,3,E,Cpd_4,Cpd_4,88.015,NA,NA
1,3,F,Cpd_5,Cpd_5,12.65,NA,NA
1,3,G,Cpd_6,Cpd_6,0.231,NA,NA
1,3,H,untreated,NA,NA,NA,NA
1,3,A,untreated,NA,NA,NA,NA
1,4,B,Cpd_1,Cpd_1,1.539,NA,NA
1,4,C,Cpd_2,Cpd_2,1.282,NA,NA
1,4,D,Cpd_3,Cpd_3,1.041,NA,NA
1,4,E,Cpd_4,Cpd_4,115.3,NA,NA
1,4,F,Cpd_5,Cpd_5,14.294,NA,NA
1,4,G,Cpd_6,Cpd_6,0.351,NA,NA
1,4,H,untreated,NA,NA,NA,NA
1,4,A,untreated,NA,NA,NA,NA
1,5,B,Cpd_1,Cpd_1,1.693,NA,NA
1,5,C,Cpd_2,Cpd_2,1.743,NA,NA
1,5,D,Cpd_3,Cpd_3,1.332,NA,NA
1,5,E,Cpd_4,Cpd_4,151.043,NA,NA
1,5,F,Cpd_5,Cpd_5,16.152,NA,NA
1,5,G,Cpd_6,Cpd_6,0.533,NA,NA
1,5,H,untreated,NA,NA,NA,NA
1,5,A,untreated,NA,NA,NA,NA
1,6,B,Cpd_1,Cpd_1,1.863,NA,NA
1,6,C,Cpd_2,Cpd_2,2.371,NA,NA
1,6,D,Cpd_3,Cpd_3,1.705,NA,NA
1,6,E,Cpd_4,Cpd_4,197.866,NA,NA
1,6,F,Cpd_5,Cpd_5,18.252,NA,NA
1,6,G,Cpd_6,Cpd_6,0.811,NA,NA
1,6,H,untreated,NA,NA,NA,NA
1,6,A,untreated,NA,NA,NA,NA
1,7,B,Cpd_1,Cpd_1,2.049,NA,NA
1,7,C,Cpd_2,Cpd_2,3.224,NA,NA
1,7,D,Cpd_3,Cpd_3,2.183,NA,NA
1,7,E,Cpd_4,Cpd_4,259.205,NA,NA
1,7,F,Cpd_5,Cpd_5,20.625,NA,NA
1,7,G,Cpd_6,Cpd_6,1.232,NA,NA
1,7,H,untreated,NA,NA,NA,NA
1,7,A,untreated,NA,NA,NA,NA
1,8,B,Cpd_1,Cpd_1,2.254,NA,NA
1,8,C,Cpd_2,Cpd_2,4.385,NA,NA
1,8,D,Cpd_3,Cpd_3,2.794,NA,NA
1,8,E,Cpd_4,Cpd_4,339.559,NA,NA
1,8,F,Cpd_5,Cpd_5,23.306,NA,NA
1,8,G,Cpd_6,Cpd_6,1.873,NA,NA
1,8,H,untreated,NA,NA,NA,NA
1,8,A,untreated,NA,NA,NA,NA
1,9,B,Cpd_1,Cpd_1,2.479,NA,NA
1,9,C,Cpd_2,Cpd_2,5.963,NA,NA
1,9,D,Cpd_3,Cpd_3,3.576,NA,NA
1,9,E,Cpd_4,Cpd_4,444.822,NA,NA
1,9,F,Cpd_5,Cpd_5,26.336,NA,NA
1,9,G,Cpd_6,Cpd_6,2.848,NA,NA
1,9,H,untreated,NA,NA,NA,NA
1,9,A,untreated,NA,NA,NA,NA
1,10,B,Cpd_1,Cpd_1,2.727,NA,NA
1,10,C,Cpd_2,Cpd_2,8.11,NA,NA
1,10,D,Cpd_3,Cpd_3,4.578,NA,NA
1,10,E,Cpd_4,Cpd_4,582.717,NA,NA
1,10,F,Cpd_5,Cpd_5,29.76,NA,NA
1,10,G,Cpd_6,Cpd_6,4.328,NA,NA
1,10,H,untreated,NA,NA,NA,NA
1,10,A,untreated,NA,NA,NA,NA
1,11,B,Cpd_1,Cpd_1,3,NA,NA
1,11,C,Cpd_2,Cpd_2,11.029,NA,NA
1,11,D,Cpd_3,Cpd_3,5.859,NA,NA
1,11,E,Cpd_4,Cpd_4,763.359,NA,NA
1,11,F,Cpd_5,Cpd_5,33.628,NA,NA
1,11,G,Cpd_6,Cpd_6,6.579,NA,NA
1,11,H,untreated,NA,NA,NA,NA
1,11,A,untreated,NA,NA,NA,NA
1,12,B,Cpd_1,Cpd_1,3.3,NA,NA
1,12,C,Cpd_2,Cpd_2,15,NA,NA
1,12,D,Cpd_3,Cpd_3,7.5,NA,NA
1,12,E,Cpd_4,Cpd_4,1000,NA,NA
1,12,F,Cpd_5,Cpd_5,38,NA,NA
1,12,G,Cpd_6,Cpd_6,10,NA,NA
1,12,H,untreated,NA,NA,NA,NA
1,12,A,untreated,NA,NA,NA,NA
2,1,B,Cpd_7,Cpd_7,1.938,NA,NA
2,1,C,Cpd_8,Cpd_8,260.698,NA,NA
2,1,D,Cpd_1-Cpd_2,Cpd_1,0.284,Cpd_2,0.391
2,1,E,Cpd_1-Cpd_3,Cpd_1,0.374,Cpd_3,0.364
2,1,F,Cpd_1-Cpd_4,Cpd_1,0.324,Cpd_4,36.407
2,1,G,Cpd_1-Cpd_5,Cpd_1,0.566,Cpd_5,5.542
2,1,H,untreated,NA,NA,NA,NA
2,1,A,untreated,NA,NA,NA,NA
2,2,B,Cpd_7,Cpd_7,2.112,NA,NA
2,2,C,Cpd_8,Cpd_8,294.588,NA,NA
2,2,D,Cpd_1-Cpd_2,Cpd_1,0.347,Cpd_2,0.477
2,2,E,Cpd_1-Cpd_3,Cpd_1,0.441,Cpd_3,0.43
2,2,F,Cpd_1-Cpd_4,Cpd_1,0.389,Cpd_4,43.688
2,2,G,Cpd_1-Cpd_5,Cpd_1,0.628,Cpd_5,6.152
2,2,H,untreated,NA,NA,NA,NA
2,2,A,untreated,NA,NA,NA,NA
2,3,B,Cpd_7,Cpd_7,2.302,NA,NA
2,3,C,Cpd_8,Cpd_8,332.885,NA,NA
2,3,D,Cpd_1-Cpd_2,Cpd_1,0.423,Cpd_2,0.582
2,3,E,Cpd_1-Cpd_3,Cpd_1,0.521,Cpd_3,0.507
2,3,F,Cpd_1-Cpd_4,Cpd_1,0.467,Cpd_4,52.426
2,3,G,Cpd_1-Cpd_5,Cpd_1,0.697,Cpd_5,6.828
2,3,H,untreated,NA,NA,NA,NA
2,3,A,untreated,NA,NA,NA,NA
2,4,B,Cpd_7,Cpd_7,2.509,NA,NA
2,4,C,Cpd_8,Cpd_8,376.16,NA,NA
2,4,D,Cpd_1-Cpd_2,Cpd_1,0.516,Cpd_2,0.71
2,4,E,Cpd_1-Cpd_3,Cpd_1,0.615,Cpd_3,0.598
2,4,F,Cpd_1-Cpd_4,Cpd_1,0.56,Cpd_4,62.911
2,4,G,Cpd_1-Cpd_5,Cpd_1,0.774,Cpd_5,7.579
2,4,H,untreated,NA,NA,NA,NA
2,4,A,untreated,NA,NA,NA,NA
2,5,B,Cpd_7,Cpd_7,2.735,NA,NA
2,5,C,Cpd_8,Cpd_8,425.061,NA,NA
2,5,D,Cpd_1-Cpd_2,Cpd_1,0.63,Cpd_2,0.867
2,5,E,Cpd_1-Cpd_3,Cpd_1,0.725,Cpd_3,0.706
2,5,F,Cpd_1-Cpd_4,Cpd_1,0.672,Cpd_4,75.493
2,5,G,Cpd_1-Cpd_5,Cpd_1,0.859,Cpd_5,8.413
2,5,H,untreated,NA,NA,NA,NA
2,5,A,untreated,NA,NA,NA,NA
2,6,B,Cpd_7,Cpd_7,2.981,NA,NA
2,6,C,Cpd_8,Cpd_8,480.319,NA,NA
2,6,D,Cpd_1-Cpd_2,Cpd_1,0.768,Cpd_2,1.057
2,6,E,Cpd_1-Cpd_3,Cpd_1,0.856,Cpd_3,0.833
2,6,F,Cpd_1-Cpd_4,Cpd_1,0.806,Cpd_4,90.591
2,6,G,Cpd_1-Cpd_5,Cpd_1,0.953,Cpd_5,9.339
2,6,H,untreated,NA,NA,NA,NA
2,6,A,untreated,NA,NA,NA,NA
2,7,B,Cpd_7,Cpd_7,3.25,NA,NA
2,7,C,Cpd_8,Cpd_8,542.76,NA,NA
2,7,D,Cpd_1-Cpd_2,Cpd_1,0.937,Cpd_2,1.29
2,7,E,Cpd_1-Cpd_3,Cpd_1,1.01,Cpd_3,0.983
2,7,F,Cpd_1-Cpd_4,Cpd_1,0.967,Cpd_4,108.71
2,7,G,Cpd_1-Cpd_5,Cpd_1,1.058,Cpd_5,10.366
2,7,H,untreated,NA,NA,NA,NA
2,7,A,untreated,NA,NA,NA,NA
2,8,B,Cpd_7,Cpd_7,3.542,NA,NA
2,8,C,Cpd_8,Cpd_8,613.319,NA,NA
2,8,D,Cpd_1-Cpd_2,Cpd_1,1.143,Cpd_2,1.574
2,8,E,Cpd_1-Cpd_3,Cpd_1,1.192,Cpd_3,1.16
2,8,F,Cpd_1-Cpd_4,Cpd_1,1.161,Cpd_4,130.452
2,8,G,Cpd_1-Cpd_5,Cpd_1,1.175,Cpd_5,11.506
2,8,H,untreated,NA,NA,NA,NA
2,8,A,untreated,NA,NA,NA,NA
2,9,B,Cpd_7,Cpd_7,3.861,NA,NA
2,9,C,Cpd_8,Cpd_8,693.05,NA,NA
2,9,D,Cpd_1-Cpd_2,Cpd_1,1.395,Cpd_2,1.92
2,9,E,Cpd_1-Cpd_3,Cpd_1,1.406,Cpd_3,1.369
2,9,F,Cpd_1-Cpd_4,Cpd_1,1.393,Cpd_4,156.542
2,9,G,Cpd_1-Cpd_5,Cpd_1,1.304,Cpd_5,12.772
2,9,H,untreated,NA,NA,NA,NA
2,9,A,untreated,NA,NA,NA,NA
2,10,B,Cpd_7,Cpd_7,4.208,NA,NA
2,10,C,Cpd_8,Cpd_8,783.147,NA,NA
2,10,D,Cpd_1-Cpd_2,Cpd_1,1.702,Cpd_2,2.342
2,10,E,Cpd_1-Cpd_3,Cpd_1,1.659,Cpd_3,1.615
2,10,F,Cpd_1-Cpd_4,Cpd_1,1.672,Cpd_4,187.85
2,10,G,Cpd_1-Cpd_5,Cpd_1,1.447,Cpd_5,14.177
2,10,H,untreated,NA,NA,NA,NA
2,10,A,untreated,NA,NA,NA,NA
2,11,B,Cpd_7,Cpd_7,4.587,NA,NA
2,11,C,Cpd_8,Cpd_8,884.956,NA,NA
2,11,D,Cpd_1-Cpd_2,Cpd_1,2.076,Cpd_2,2.857
2,11,E,Cpd_1-Cpd_3,Cpd_1,1.958,Cpd_3,1.906
2,11,F,Cpd_1-Cpd_4,Cpd_1,2.006,Cpd_4,225.42
2,11,G,Cpd_1-Cpd_5,Cpd_1,1.606,Cpd_5,15.736
2,11,H,untreated,NA,NA,NA,NA
2,11,A,untreated,NA,NA,NA,NA
2,12,B,Cpd_7,Cpd_7,5,NA,NA
2,12,C,Cpd_8,Cpd_8,1000,NA,NA
2,12,D,Cpd_1-Cpd_2,Cpd_1,2.533,Cpd_2,3.486
2,12,E,Cpd_1-Cpd_3,Cpd_1,2.311,Cpd_3,2.249
2,12,F,Cpd_1-Cpd_4,Cpd_1,2.407,Cpd_4,270.504
2,12,G,Cpd_1-Cpd_5,Cpd_1,1.783,Cpd_5,17.467
2,12,H,untreated,NA,NA,NA,NA
2,12,A,untreated,NA,NA,NA,NA
3,1,B,Cpd_1-Cpd_6,Cpd_1,0.172,Cpd_6,0.086
3,1,C,Cpd_1-Cpd_7,Cpd_1,0.624,Cpd_7,0.992
3,1,D,Cpd_1-Cpd_8,Cpd_1,0.519,Cpd_8,130.313
3,1,E,Cpd_2-Cpd_3,Cpd_2,0.293,Cpd_3,0.207
3,1,F,Cpd_2-Cpd_4,Cpd_2,0.27,Cpd_4,22.01
3,1,G,Cpd_2-Cpd_5,Cpd_2,0.369,Cpd_5,2.63
3,1,H,untreated,NA,NA,NA,NA
3,1,A,untreated,NA,NA,NA,NA
3,2,B,Cpd_1-Cpd_6,Cpd_1,0.222,Cpd_6,0.111
3,2,C,Cpd_1-Cpd_7,Cpd_1,0.68,Cpd_7,1.081
3,2,D,Cpd_1-Cpd_8,Cpd_1,0.581,Cpd_8,145.95
3,2,E,Cpd_2-Cpd_3,Cpd_2,0.387,Cpd_3,0.274
3,2,F,Cpd_2-Cpd_4,Cpd_2,0.361,Cpd_4,29.493
3,2,G,Cpd_2-Cpd_5,Cpd_2,0.458,Cpd_5,3.261
3,2,H,untreated,NA,NA,NA,NA
3,2,A,untreated,NA,NA,NA,NA
3,3,B,Cpd_1-Cpd_6,Cpd_1,0.286,Cpd_6,0.144
3,3,C,Cpd_1-Cpd_7,Cpd_1,0.742,Cpd_7,1.178
3,3,D,Cpd_1-Cpd_8,Cpd_1,0.651,Cpd_8,163.464
3,3,E,Cpd_2-Cpd_3,Cpd_2,0.511,Cpd_3,0.361
3,3,F,Cpd_2-Cpd_4,Cpd_2,0.484,Cpd_4,39.52
3,3,G,Cpd_2-Cpd_5,Cpd_2,0.568,Cpd_5,4.044
3,3,H,untreated,NA,NA,NA,NA
3,3,A,untreated,NA,NA,NA,NA
3,4,B,Cpd_1-Cpd_6,Cpd_1,0.369,Cpd_6,0.185
3,4,C,Cpd_1-Cpd_7,Cpd_1,0.808,Cpd_7,1.285
3,4,D,Cpd_1-Cpd_8,Cpd_1,0.729,Cpd_8,183.08
3,4,E,Cpd_2-Cpd_3,Cpd_2,0.674,Cpd_3,0.477
3,4,F,Cpd_2-Cpd_4,Cpd_2,0.649,Cpd_4,52.957
3,4,G,Cpd_2-Cpd_5,Cpd_2,0.704,Cpd_5,5.014
3,4,H,untreated,NA,NA,NA,NA
3,4,A,untreated,NA,NA,NA,NA
3,5,B,Cpd_1-Cpd_6,Cpd_1,0.476,Cpd_6,0.239
3,5,C,Cpd_1-Cpd_7,Cpd_1,0.881,Cpd_7,1.4
3,5,D,Cpd_1-Cpd_8,Cpd_1,0.816,Cpd_8,205.05
3,5,E,Cpd_2-Cpd_3,Cpd_2,0.89,Cpd_3,0.629
3,5,F,Cpd_2-Cpd_4,Cpd_2,0.869,Cpd_4,70.963
3,5,G,Cpd_2-Cpd_5,Cpd_2,0.873,Cpd_5,6.217
3,5,H,untreated,NA,NA,NA,NA
3,5,A,untreated,NA,NA,NA,NA
3,6,B,Cpd_1-Cpd_6,Cpd_1,0.614,Cpd_6,0.309
3,6,C,Cpd_1-Cpd_7,Cpd_1,0.96,Cpd_7,1.526
3,6,D,Cpd_1-Cpd_8,Cpd_1,0.914,Cpd_8,229.656
3,6,E,Cpd_2-Cpd_3,Cpd_2,1.175,Cpd_3,0.831
3,6,F,Cpd_2-Cpd_4,Cpd_2,1.165,Cpd_4,95.09
3,6,G,Cpd_2-Cpd_5,Cpd_2,1.083,Cpd_5,7.709
3,6,H,untreated,NA,NA,NA,NA
3,6,A,untreated,NA,NA,NA,NA
3,7,B,Cpd_1-Cpd_6,Cpd_1,0.792,Cpd_6,0.398
3,7,C,Cpd_1-Cpd_7,Cpd_1,1.047,Cpd_7,1.664
3,7,D,Cpd_1-Cpd_8,Cpd_1,1.024,Cpd_8,257.214
3,7,E,Cpd_2-Cpd_3,Cpd_2,1.55,Cpd_3,1.096
3,7,F,Cpd_2-Cpd_4,Cpd_2,1.561,Cpd_4,127.421
3,7,G,Cpd_2-Cpd_5,Cpd_2,1.343,Cpd_5,9.56
3,7,H,untreated,NA,NA,NA,NA
3,7,A,untreated,NA,NA,NA,NA
3,8,B,Cpd_1-Cpd_6,Cpd_1,1.022,Cpd_6,0.514
3,8,C,Cpd_1-Cpd_7,Cpd_1,1.141,Cpd_7,1.813
3,8,D,Cpd_1-Cpd_8,Cpd_1,1.147,Cpd_8,288.08
3,8,E,Cpd_2-Cpd_3,Cpd_2,2.047,Cpd_3,1.447
3,8,F,Cpd_2-Cpd_4,Cpd_2,2.091,Cpd_4,170.744
3,8,G,Cpd_2-Cpd_5,Cpd_2,1.665,Cpd_5,11.854
3,8,H,untreated,NA,NA,NA,NA
3,8,A,untreated,NA,NA,NA,NA
3,9,B,Cpd_1-Cpd_6,Cpd_1,1.319,Cpd_6,0.663
3,9,C,Cpd_1-Cpd_7,Cpd_1,1.244,Cpd_7,1.976
3,9,D,Cpd_1-Cpd_8,Cpd_1,1.284,Cpd_8,322.65
3,9,E,Cpd_2-Cpd_3,Cpd_2,2.701,Cpd_3,1.91
3,9,F,Cpd_2-Cpd_4,Cpd_2,2.802,Cpd_4,228.797
3,9,G,Cpd_2-Cpd_5,Cpd_2,2.065,Cpd_5,14.699
3,9,H,untreated,NA,NA,NA,NA
3,9,A,untreated,NA,NA,NA,NA
3,10,B,Cpd_1-Cpd_6,Cpd_1,1.701,Cpd_6,0.855
3,10,C,Cpd_1-Cpd_7,Cpd_1,1.356,Cpd_7,2.154
3,10,D,Cpd_1-Cpd_8,Cpd_1,1.438,Cpd_8,361.368
3,10,E,Cpd_2-Cpd_3,Cpd_2,3.566,Cpd_3,2.521
3,10,F,Cpd_2-Cpd_4,Cpd_2,3.755,Cpd_4,306.588
3,10,G,Cpd_2-Cpd_5,Cpd_2,2.561,Cpd_5,18.227
3,10,H,untreated,NA,NA,NA,NA
3,10,A,untreated,NA,NA,NA,NA
3,11,B,Cpd_1-Cpd_6,Cpd_1,2.194,Cpd_6,1.103
3,11,C,Cpd_1-Cpd_7,Cpd_1,1.478,Cpd_7,2.348
3,11,D,Cpd_1-Cpd_8,Cpd_1,1.611,Cpd_8,404.732
3,11,E,Cpd_2-Cpd_3,Cpd_2,4.707,Cpd_3,3.328
3,11,F,Cpd_2-Cpd_4,Cpd_2,5.032,Cpd_4,410.829
3,11,G,Cpd_2-Cpd_5,Cpd_2,3.175,Cpd_5,22.601
3,11,H,untreated,NA,NA,NA,NA
3,11,A,untreated,NA,NA,NA,NA
3,12,B,Cpd_1-Cpd_6,Cpd_1,2.831,Cpd_6,1.422
3,12,C,Cpd_1-Cpd_7,Cpd_1,1.611,Cpd_7,2.56
3,12,D,Cpd_1-Cpd_8,Cpd_1,1.804,Cpd_8,453.3
3,12,E,Cpd_2-Cpd_3,Cpd_2,6.213,Cpd_3,4.393
3,12,F,Cpd_2-Cpd_4,Cpd_2,6.742,Cpd_4,550.51
3,12,G,Cpd_2-Cpd_5,Cpd_2,3.937,Cpd_5,28.026
3,12,H,untreated,NA,NA,NA,NA
3,12,A,untreated,NA,NA,NA,NA
4,1,B,Cpd_2-Cpd_6,Cpd_2,0.176,Cpd_6,0.064
4,1,C,Cpd_2-Cpd_7,Cpd_2,0.377,Cpd_7,0.435
4,1,D,Cpd_2-Cpd_8,Cpd_2,0.376,Cpd_8,68.736
4,1,E,Cpd_3-Cpd_4,Cpd_3,0.224,Cpd_4,25.896
4,1,F,Cpd_3-Cpd_5,Cpd_3,0.338,Cpd_5,3.402
4,1,G,Cpd_3-Cpd_6,Cpd_3,0.144,Cpd_6,0.075
4,1,H,untreated,NA,NA,NA,NA
4,1,A,untreated,NA,NA,NA,NA
4,2,B,Cpd_2-Cpd_6,Cpd_2,0.253,Cpd_6,0.092
4,2,C,Cpd_2-Cpd_7,Cpd_2,0.46,Cpd_7,0.531
4,2,D,Cpd_2-Cpd_8,Cpd_2,0.467,Cpd_8,85.232
4,2,E,Cpd_3-Cpd_4,Cpd_3,0.292,Cpd_4,33.665
4,2,F,Cpd_3-Cpd_5,Cpd_3,0.406,Cpd_5,4.082
4,2,G,Cpd_3-Cpd_6,Cpd_3,0.201,Cpd_6,0.104
4,2,H,untreated,NA,NA,NA,NA
4,2,A,untreated,NA,NA,NA,NA
4,3,B,Cpd_2-Cpd_6,Cpd_2,0.364,Cpd_6,0.133
4,3,C,Cpd_2-Cpd_7,Cpd_2,0.561,Cpd_7,0.648
4,3,D,Cpd_2-Cpd_8,Cpd_2,0.579,Cpd_8,105.688
4,3,E,Cpd_3-Cpd_4,Cpd_3,0.379,Cpd_4,43.765
4,3,F,Cpd_3-Cpd_5,Cpd_3,0.487,Cpd_5,4.899
4,3,G,Cpd_3-Cpd_6,Cpd_3,0.279,Cpd_6,0.144
4,3,H,untreated,NA,NA,NA,NA
4,3,A,untreated,NA,NA,NA,NA
4,4,B,Cpd_2-Cpd_6,Cpd_2,0.524,Cpd_6,0.191
4,4,C,Cpd_2-Cpd_7,Cpd_2,0.685,Cpd_7,0.791
4,4,D,Cpd_2-Cpd_8,Cpd_2,0.718,Cpd_8,131.053
4,4,E,Cpd_3-Cpd_4,Cpd_3,0.493,Cpd_4,56.894
4,4,F,Cpd_3-Cpd_5,Cpd_3,0.584,Cpd_5,5.879
4,4,G,Cpd_3-Cpd_6,Cpd_3,0.388,Cpd_6,0.2
4,4,H,untreated,NA,NA,NA,NA
4,4,A,untreated,NA,NA,NA,NA
4,5,B,Cpd_2-Cpd_6,Cpd_2,0.755,Cpd_6,0.276
4,5,C,Cpd_2-Cpd_7,Cpd_2,0.835,Cpd_7,0.965
4,5,D,Cpd_2-Cpd_8,Cpd_2,0.89,Cpd_8,162.506
4,5,E,Cpd_3-Cpd_4,Cpd_3,0.641,Cpd_4,73.962
4,5,F,Cpd_3-Cpd_5,Cpd_3,0.701,Cpd_5,7.054
4,5,G,Cpd_3-Cpd_6,Cpd_3,0.539,Cpd_6,0.278
4,5,H,untreated,NA,NA,NA,NA
4,5,A,untreated,NA,NA,NA,NA
4,6,B,Cpd_2-Cpd_6,Cpd_2,1.087,Cpd_6,0.397
4,6,C,Cpd_2-Cpd_7,Cpd_2,1.019,Cpd_7,1.177
4,6,D,Cpd_2-Cpd_8,Cpd_2,1.104,Cpd_8,201.507
4,6,E,Cpd_3-Cpd_4,Cpd_3,0.833,Cpd_4,96.151
4,6,F,Cpd_3-Cpd_5,Cpd_3,0.841,Cpd_5,8.465
4,6,G,Cpd_3-Cpd_6,Cpd_3,0.75,Cpd_6,0.387
4,6,H,untreated,NA,NA,NA,NA
4,6,A,untreated,NA,NA,NA,NA
4,7,B,Cpd_2-Cpd_6,Cpd_2,1.565,Cpd_6,0.572
4,7,C,Cpd_2-Cpd_7,Cpd_2,1.243,Cpd_7,1.436
4,7,D,Cpd_2-Cpd_8,Cpd_2,1.369,Cpd_8,249.869
4,7,E,Cpd_3-Cpd_4,Cpd_3,1.082,Cpd_4,124.996
4,7,F,Cpd_3-Cpd_5,Cpd_3,1.009,Cpd_5,10.158
4,7,G,Cpd_3-Cpd_6,Cpd_3,1.042,Cpd_6,0.538
4,7,H,untreated,NA,NA,NA,NA
4,7,A,untreated,NA,NA,NA,NA
4,8,B,Cpd_2-Cpd_6,Cpd_2,2.254,Cpd_6,0.823
4,8,C,Cpd_2-Cpd_7,Cpd_2,1.517,Cpd_7,1.751
4,8,D,Cpd_2-Cpd_8,Cpd_2,1.697,Cpd_8,309.837
4,8,E,Cpd_3-Cpd_4,Cpd_3,1.407,Cpd_4,162.495
4,8,F,Cpd_3-Cpd_5,Cpd_3,1.211,Cpd_5,12.19
4,8,G,Cpd_3-Cpd_6,Cpd_3,1.448,Cpd_6,0.748
4,8,H,untreated,NA,NA,NA,NA
4,8,A,untreated,NA,NA,NA,NA
4,9,B,Cpd_2-Cpd_6,Cpd_2,3.246,Cpd_6,1.185
4,9,C,Cpd_2-Cpd_7,Cpd_2,1.85,Cpd_7,2.137
4,9,D,Cpd_2-Cpd_8,Cpd_2,2.104,Cpd_8,384.198
4,9,E,Cpd_3-Cpd_4,Cpd_3,1.829,Cpd_4,211.243
4,9,F,Cpd_3-Cpd_5,Cpd_3,1.453,Cpd_5,14.628
4,9,G,Cpd_3-Cpd_6,Cpd_3,2.013,Cpd_6,1.04
4,9,H,untreated,NA,NA,NA,NA
4,9,A,untreated,NA,NA,NA,NA
4,10,B,Cpd_2-Cpd_6,Cpd_2,4.674,Cpd_6,1.707
4,10,C,Cpd_2-Cpd_7,Cpd_2,2.258,Cpd_7,2.607
4,10,D,Cpd_2-Cpd_8,Cpd_2,2.609,Cpd_8,476.406
4,10,E,Cpd_3-Cpd_4,Cpd_3,2.378,Cpd_4,274.616
4,10,F,Cpd_3-Cpd_5,Cpd_3,1.744,Cpd_5,17.554
4,10,G,Cpd_3-Cpd_6,Cpd_3,2.798,Cpd_6,1.445
4,10,H,untreated,NA,NA,NA,NA
4,10,A,untreated,NA,NA,NA,NA
4,11,B,Cpd_2-Cpd_6,Cpd_2,6.73,Cpd_6,2.458
4,11,C,Cpd_2-Cpd_7,Cpd_2,2.754,Cpd_7,3.18
4,11,D,Cpd_2-Cpd_8,Cpd_2,3.236,Cpd_8,590.743
4,11,E,Cpd_3-Cpd_4,Cpd_3,3.092,Cpd_4,357.001
4,11,F,Cpd_3-Cpd_5,Cpd_3,2.093,Cpd_5,21.064
4,11,G,Cpd_3-Cpd_6,Cpd_3,3.889,Cpd_6,2.008
4,11,H,untreated,NA,NA,NA,NA
4,11,A,untreated,NA,NA,NA,NA
4,12,B,Cpd_2-Cpd_6,Cpd_2,9.692,Cpd_6,3.539
4,12,C,Cpd_2-Cpd_7,Cpd_2,3.36,Cpd_7,3.88
4,12,D,Cpd_2-Cpd_8,Cpd_2,4.012,Cpd_8,732.521
4,12,E,Cpd_3-Cpd_4,Cpd_3,4.019,Cpd_4,464.102
4,12,F,Cpd_3-Cpd_5,Cpd_3,2.511,Cpd_5,25.277
4,12,G,Cpd_3-Cpd_6,Cpd_3,5.406,Cpd_6,2.792
4,12,H,untreated,NA,NA,NA,NA
4,12,A,untreated,NA,NA,NA,NA
5,1,B,Cpd_3-Cpd_7,Cpd_3,0.352,Cpd_7,0.575
5,1,C,Cpd_3-Cpd_8,Cpd_3,0.344,Cpd_8,88.755
5,1,D,Cpd_4-Cpd_5,Cpd_4,34.064,Cpd_5,2.97
5,1,E,Cpd_4-Cpd_6,Cpd_4,15.778,Cpd_6,0.071
5,1,F,Cpd_4-Cpd_7,Cpd_4,38.545,Cpd_7,0.545
5,1,G,Cpd_4-Cpd_8,Cpd_4,34.676,Cpd_8,77.537
5,1,H,untreated,NA,NA,NA,NA
5,1,A,untreated,NA,NA,NA,NA
5,2,B,Cpd_3-Cpd_7,Cpd_3,0.415,Cpd_7,0.678
5,2,C,Cpd_3-Cpd_8,Cpd_3,0.412,Cpd_8,106.506
5,2,D,Cpd_4-Cpd_5,Cpd_4,41.558,Cpd_5,3.623
5,2,E,Cpd_4-Cpd_6,Cpd_4,22.247,Cpd_6,0.099
5,2,F,Cpd_4-Cpd_7,Cpd_4,45.868,Cpd_7,0.649
5,2,G,Cpd_4-Cpd_8,Cpd_4,42.304,Cpd_8,94.595
5,2,H,untreated,NA,NA,NA,NA
5,2,A,untreated,NA,NA,NA,NA
5,3,B,Cpd_3-Cpd_7,Cpd_3,0.49,Cpd_7,0.8
5,3,C,Cpd_3-Cpd_8,Cpd_3,0.495,Cpd_8,127.807
5,3,D,Cpd_4-Cpd_5,Cpd_4,50.701,Cpd_5,4.42
5,3,E,Cpd_4-Cpd_6,Cpd_4,31.369,Cpd_6,0.14
5,3,F,Cpd_4-Cpd_7,Cpd_4,54.583,Cpd_7,0.772
5,3,G,Cpd_4-Cpd_8,Cpd_4,51.611,Cpd_8,115.406
5,3,H,untreated,NA,NA,NA,NA
5,3,A,untreated,NA,NA,NA,NA
5,4,B,Cpd_3-Cpd_7,Cpd_3,0.578,Cpd_7,0.945
5,4,C,Cpd_3-Cpd_8,Cpd_3,0.594,Cpd_8,153.369
5,4,D,Cpd_4-Cpd_5,Cpd_4,61.855,Cpd_5,5.392
5,4,E,Cpd_4-Cpd_6,Cpd_4,44.23,Cpd_6,0.198
5,4,F,Cpd_4-Cpd_7,Cpd_4,64.954,Cpd_7,0.919
5,4,G,Cpd_4-Cpd_8,Cpd_4,62.966,Cpd_8,140.795
5,4,H,untreated,NA,NA,NA,NA
5,4,A,untreated,NA,NA,NA,NA
5,5,B,Cpd_3-Cpd_7,Cpd_3,0.683,Cpd_7,1.115
5,5,C,Cpd_3-Cpd_8,Cpd_3,0.713,Cpd_8,184.043
5,5,D,Cpd_4-Cpd_5,Cpd_4,75.463,Cpd_5,6.579
5,5,E,Cpd_4-Cpd_6,Cpd_4,62.364,Cpd_6,0.279
5,5,F,Cpd_4-Cpd_7,Cpd_4,77.295,Cpd_7,1.093
5,5,G,Cpd_4-Cpd_8,Cpd_4,76.818,Cpd_8,171.77
5,5,H,untreated,NA,NA,NA,NA
5,5,A,untreated,NA,NA,NA,NA
5,6,B,Cpd_3-Cpd_7,Cpd_3,0.805,Cpd_7,1.315
5,6,C,Cpd_3-Cpd_8,Cpd_3,0.855,Cpd_8,220.851
5,6,D,Cpd_4-Cpd_5,Cpd_4,92.065,Cpd_5,8.026
5,6,E,Cpd_4-Cpd_6,Cpd_4,87.933,Cpd_6,0.393
5,6,F,Cpd_4-Cpd_7,Cpd_4,91.981,Cpd_7,1.301
5,6,G,Cpd_4-Cpd_8,Cpd_4,93.718,Cpd_8,209.56
5,6,H,untreated,NA,NA,NA,NA
5,6,A,untreated,NA,NA,NA,NA
5,7,B,Cpd_3-Cpd_7,Cpd_3,0.95,Cpd_7,1.552
5,7,C,Cpd_3-Cpd_8,Cpd_3,1.026,Cpd_8,265.021
5,7,D,Cpd_4-Cpd_5,Cpd_4,112.32,Cpd_5,9.792
5,7,E,Cpd_4-Cpd_6,Cpd_4,123.986,Cpd_6,0.554
5,7,F,Cpd_4-Cpd_7,Cpd_4,109.457,Cpd_7,1.548
5,7,G,Cpd_4-Cpd_8,Cpd_4,114.336,Cpd_8,255.663
5,7,H,untreated,NA,NA,NA,NA
5,7,A,untreated,NA,NA,NA,NA
5,8,B,Cpd_3-Cpd_7,Cpd_3,1.121,Cpd_7,1.831
5,8,C,Cpd_3-Cpd_8,Cpd_3,1.232,Cpd_8,318.025
5,8,D,Cpd_4-Cpd_5,Cpd_4,137.03,Cpd_5,11.946
5,8,E,Cpd_4-Cpd_6,Cpd_4,174.82,Cpd_6,0.782
5,8,F,Cpd_4-Cpd_7,Cpd_4,130.254,Cpd_7,1.842
5,8,G,Cpd_4-Cpd_8,Cpd_4,139.49,Cpd_8,311.909
5,8,H,untreated,NA,NA,NA,NA
5,8,A,untreated,NA,NA,NA,NA
5,9,B,Cpd_3-Cpd_7,Cpd_3,1.323,Cpd_7,2.161
5,9,C,Cpd_3-Cpd_8,Cpd_3,1.478,Cpd_8,381.631
5,9,D,Cpd_4-Cpd_5,Cpd_4,167.177,Cpd_5,14.574
5,9,E,Cpd_4-Cpd_6,Cpd_4,246.496,Cpd_6,1.102
5,9,F,Cpd_4-Cpd_7,Cpd_4,155.003,Cpd_7,2.192
5,9,G,Cpd_4-Cpd_8,Cpd_4,170.178,Cpd_8,380.529
5,9,H,untreated,NA,NA,NA,NA
5,9,A,untreated,NA,NA,NA,NA
5,10,B,Cpd_3-Cpd_7,Cpd_3,1.562,Cpd_7,2.55
5,10,C,Cpd_3-Cpd_8,Cpd_3,1.774,Cpd_8,457.957
5,10,D,Cpd_4-Cpd_5,Cpd_4,203.956,Cpd_5,17.78
5,10,E,Cpd_4-Cpd_6,Cpd_4,347.559,Cpd_6,1.554
5,10,F,Cpd_4-Cpd_7,Cpd_4,184.453,Cpd_7,2.609
5,10,G,Cpd_4-Cpd_8,Cpd_4,207.617,Cpd_8,464.246
5,10,H,untreated,NA,NA,NA,NA
5,10,A,untreated,NA,NA,NA,NA
5,11,B,Cpd_3-Cpd_7,Cpd_3,1.843,Cpd_7,3.009
5,11,C,Cpd_3-Cpd_8,Cpd_3,2.128,Cpd_8,549.548
5,11,D,Cpd_4-Cpd_5,Cpd_4,248.826,Cpd_5,21.692
5,11,E,Cpd_4-Cpd_6,Cpd_4,490.059,Cpd_6,2.192
5,11,F,Cpd_4-Cpd_7,Cpd_4,219.499,Cpd_7,3.104
5,11,G,Cpd_4-Cpd_8,Cpd_4,253.293,Cpd_8,566.38
5,11,H,untreated,NA,NA,NA,NA
5,11,A,untreated,NA,NA,NA,NA
5,12,B,Cpd_3-Cpd_7,Cpd_3,2.174,Cpd_7,3.551
5,12,C,Cpd_3-Cpd_8,Cpd_3,2.554,Cpd_8,659.458
5,12,D,Cpd_4-Cpd_5,Cpd_4,303.568,Cpd_5,26.464
5,12,E,Cpd_4-Cpd_6,Cpd_4,690.983,Cpd_6,3.09
5,12,F,Cpd_4-Cpd_7,Cpd_4,261.204,Cpd_7,3.694
5,12,G,Cpd_4-Cpd_8,Cpd_4,309.017,Cpd_8,690.983
5,12,H,untreated,NA,NA,NA,NA
5,12,A,untreated,NA,NA,NA,NA
6,1,B,Cpd_5-Cpd_6,Cpd_5,1.631,Cpd_6,0.084
6,1,C,Cpd_5-Cpd_7,Cpd_5,5.4,Cpd_7,0.876
6,1,D,Cpd_5-Cpd_8,Cpd_5,5.017,Cpd_8,128.677
6,1,E,Cpd_6-Cpd_7,Cpd_6,0.083,Cpd_7,0.262
6,1,F,Cpd_6-Cpd_8,Cpd_6,0.085,Cpd_8,42.74
6,1,G,Cpd_7-Cpd_8,Cpd_7,0.886,Cpd_8,140.086
6,1,H,untreated,NA,NA,NA,NA
6,1,A,untreated,NA,NA,NA,NA
6,2,B,Cpd_5-Cpd_6,Cpd_5,2.137,Cpd_6,0.11
6,2,C,Cpd_5-Cpd_7,Cpd_5,5.994,Cpd_7,0.972
6,2,D,Cpd_5-Cpd_8,Cpd_5,5.669,Cpd_8,145.405
6,2,E,Cpd_6-Cpd_7,Cpd_6,0.107,Cpd_7,0.338
6,2,F,Cpd_6-Cpd_8,Cpd_6,0.112,Cpd_8,55.989
6,2,G,Cpd_7-Cpd_8,Cpd_7,0.983,Cpd_8,155.496
6,2,H,untreated,NA,NA,NA,NA
6,2,A,untreated,NA,NA,NA,NA
6,3,B,Cpd_5-Cpd_6,Cpd_5,2.799,Cpd_6,0.144
6,3,C,Cpd_5-Cpd_7,Cpd_5,6.653,Cpd_7,1.079
6,3,D,Cpd_5-Cpd_8,Cpd_5,6.406,Cpd_8,164.308
6,3,E,Cpd_6-Cpd_7,Cpd_6,0.138,Cpd_7,0.436
6,3,F,Cpd_6-Cpd_8,Cpd_6,0.147,Cpd_8,73.346
6,3,G,Cpd_7-Cpd_8,Cpd_7,1.092,Cpd_8,172.6
6,3,H,untreated,NA,NA,NA,NA
6,3,A,untreated,NA,NA,NA,NA
6,4,B,Cpd_5-Cpd_6,Cpd_5,3.667,Cpd_6,0.188
6,4,C,Cpd_5-Cpd_7,Cpd_5,7.385,Cpd_7,1.198
6,4,D,Cpd_5-Cpd_8,Cpd_5,7.239,Cpd_8,185.668
6,4,E,Cpd_6-Cpd_7,Cpd_6,0.178,Cpd_7,0.563
6,4,F,Cpd_6-Cpd_8,Cpd_6,0.192,Cpd_8,96.083
6,4,G,Cpd_7-Cpd_8,Cpd_7,1.212,Cpd_8,191.587
6,4,H,untreated,NA,NA,NA,NA
6,4,A,untreated,NA,NA,NA,NA
6,5,B,Cpd_5-Cpd_6,Cpd_5,4.803,Cpd_6,0.246
6,5,C,Cpd_5-Cpd_7,Cpd_5,8.197,Cpd_7,1.33
6,5,D,Cpd_5-Cpd_8,Cpd_5,8.18,Cpd_8,209.805
6,5,E,Cpd_6-Cpd_7,Cpd_6,0.23,Cpd_7,0.726
6,5,F,Cpd_6-Cpd_8,Cpd_6,0.252,Cpd_8,125.869
6,5,G,Cpd_7-Cpd_8,Cpd_7,1.345,Cpd_8,212.661
6,5,H,untreated,NA,NA,NA,NA
6,5,A,untreated,NA,NA,NA,NA
6,6,B,Cpd_5-Cpd_6,Cpd_5,6.292,Cpd_6,0.323
6,6,C,Cpd_5-Cpd_7,Cpd_5,9.099,Cpd_7,1.476
6,6,D,Cpd_5-Cpd_8,Cpd_5,9.243,Cpd_8,237.08
6,6,E,Cpd_6-Cpd_7,Cpd_6,0.296,Cpd_7,0.937
6,6,F,Cpd_6-Cpd_8,Cpd_6,0.33,Cpd_8,164.889
6,6,G,Cpd_7-Cpd_8,Cpd_7,1.493,Cpd_8,236.054
6,6,H,untreated,NA,NA,NA,NA
6,6,A,untreated,NA,NA,NA,NA
6,7,B,Cpd_5-Cpd_6,Cpd_5,8.243,Cpd_6,0.423
6,7,C,Cpd_5-Cpd_7,Cpd_5,10.1,Cpd_7,1.638
6,7,D,Cpd_5-Cpd_8,Cpd_5,10.445,Cpd_8,267.9
6,7,E,Cpd_6-Cpd_7,Cpd_6,0.382,Cpd_7,1.209
6,7,F,Cpd_6-Cpd_8,Cpd_6,0.432,Cpd_8,216.004
6,7,G,Cpd_7-Cpd_8,Cpd_7,1.657,Cpd_8,262.02
6,7,H,untreated,NA,NA,NA,NA
6,7,A,untreated,NA,NA,NA,NA
6,8,B,Cpd_5-Cpd_6,Cpd_5,10.798,Cpd_6,0.554
6,8,C,Cpd_5-Cpd_7,Cpd_5,11.211,Cpd_7,1.819
6,8,D,Cpd_5-Cpd_8,Cpd_5,11.802,Cpd_8,302.727
6,8,E,Cpd_6-Cpd_7,Cpd_6,0.493,Cpd_7,1.559
6,8,F,Cpd_6-Cpd_8,Cpd_6,0.566,Cpd_8,282.966
6,8,G,Cpd_7-Cpd_8,Cpd_7,1.839,Cpd_8,290.842
6,8,H,untreated,NA,NA,NA,NA
6,8,A,untreated,NA,NA,NA,NA
6,9,B,Cpd_5-Cpd_6,Cpd_5,14.146,Cpd_6,0.726
6,9,C,Cpd_5-Cpd_7,Cpd_5,12.444,Cpd_7,2.019
6,9,D,Cpd_5-Cpd_8,Cpd_5,13.337,Cpd_8,342.082
6,9,E,Cpd_6-Cpd_7,Cpd_6,0.636,Cpd_7,2.011
6,9,F,Cpd_6-Cpd_8,Cpd_6,0.741,Cpd_8,370.685
6,9,G,Cpd_7-Cpd_8,Cpd_7,2.042,Cpd_8,322.834
6,9,H,untreated,NA,NA,NA,NA
6,9,A,untreated,NA,NA,NA,NA
6,10,B,Cpd_5-Cpd_6,Cpd_5,18.531,Cpd_6,0.951
6,10,C,Cpd_5-Cpd_7,Cpd_5,13.812,Cpd_7,2.241
6,10,D,Cpd_5-Cpd_8,Cpd_5,15.071,Cpd_8,386.552
6,10,E,Cpd_6-Cpd_7,Cpd_6,0.82,Cpd_7,2.594
6,10,F,Cpd_6-Cpd_8,Cpd_6,0.971,Cpd_8,485.597
6,10,G,Cpd_7-Cpd_8,Cpd_7,2.266,Cpd_8,358.346
6,10,H,untreated,NA,NA,NA,NA
6,10,A,untreated,NA,NA,NA,NA
6,11,B,Cpd_5-Cpd_6,Cpd_5,24.275,Cpd_6,1.245
6,11,C,Cpd_5-Cpd_7,Cpd_5,15.332,Cpd_7,2.487
6,11,D,Cpd_5-Cpd_8,Cpd_5,17.03,Cpd_8,436.804
6,11,E,Cpd_6-Cpd_7,Cpd_6,1.058,Cpd_7,3.347
6,11,F,Cpd_6-Cpd_8,Cpd_6,1.272,Cpd_8,636.132
6,11,G,Cpd_7-Cpd_8,Cpd_7,2.516,Cpd_8,397.764
6,11,H,untreated,NA,NA,NA,NA
6,11,A,untreated,NA,NA,NA,NA
6,12,B,Cpd_5-Cpd_6,Cpd_5,31.801,Cpd_6,1.631
6,12,C,Cpd_5-Cpd_7,Cpd_5,17.018,Cpd_7,2.761
6,12,D,Cpd_5-Cpd_8,Cpd_5,19.244,Cpd_8,493.589
6,12,E,Cpd_6-Cpd_7,Cpd_6,1.365,Cpd_7,4.317
6,12,F,Cpd_6-Cpd_8,Cpd_6,1.667,Cpd_8,833.333
6,12,G,Cpd_7-Cpd_8,Cpd_7,2.792,Cpd_8,441.518
6,12,H,untreated,NA,NA,NA,NA
6,12,A,untreated,NA,NA,NA,NA
